mutant,pos,wt,subs,column_conservation,prediction_epistatic,normalized_prediction_epistatic,secondary_structure,secondary,charge_difference,wt_sasa,mutant_sasa,diff_sasa,normalized_diff_sasa,property_difference,distance_value,normalized_distance_values,water,ddG
N18A,18,3,1,0.220013329539067,2.21608799294336,0.847805195491517,helix,1,0,146.4,110.2,-36.2,0.340319361277445,-2,20.43,0.919113241461953,0,-0.16
N18D,18,3,4,0.220013329539067,0.199183169461321,0.694605064504134,helix,1,-1,146.4,144.1,-2.30000000000001,0.509481037924152,1,20.43,0.919113241461953,0,-1.21
N18E,18,3,4,0.220013329539067,1.08597045362694,0.761963685749123,helix,1,-1,146.4,174.7,28.3,0.662175648702595,1,20.43,0.919113241461953,0,-1.57
N18K,18,3,4,0.220013329539067,0.904535062727518,0.748182209633879,helix,1,1,146.4,205.7,59.3,0.81686626746507,1,20.43,0.919113241461953,0,-0.47
N18Q,18,3,3,0.220013329539067,0.427705322101247,0.711963158604734,helix,1,0,146.4,178.6,32.2,0.681636726546906,0,20.43,0.919113241461953,0,-0.61
N18S,18,3,3,0.220013329539067,0.748419484763872,0.73632397680368,helix,1,0,146.4,117.2,-29.2,0.375249500998004,0,20.43,0.919113241461953,3,0.27
F20Q,20,1,3,0.359740415633054,-7.17387961805798,0.134561689291184,helix,1,0,200.7,178.6,-22.1,0.410678642714571,2,17.81,0.762133013780707,0,-1.68
A22E,22,1,4,0.144890919929106,1.90242227877025,0.823979763602961,helix,1,-1,110.2,174.7,64.5,0.842814371257485,3,18.41,0.798082684242061,1,-1.02
A23Q,23,1,3,0.233673970508198,-5.66857720538974,0.248901505484525,helix,1,0,110.2,178.6,68.4,0.862275449101796,2,17.94,0.769922109047334,0,-1.41
D25K,25,4,4,0.162022203203309,0.293306967127137,0.701754523399541,helix,1,1,144.1,205.7,61.6,0.828343313373254,0,15.99,0.653085680047933,3,1.87
D25S,25,4,3,0.162022203203309,0.315949563810136,0.703474410593693,helix,1,0,144.1,117.2,-26.9,0.386726546906188,-1,15.99,0.653085680047933,0,0.24
I26L,26,1,1,0.104799137280393,1.23054073343519,0.772944960396119,helix,1,0,185,183.1,-1.90000000000001,0.511477045908184,0,17.58,0.748352306770521,0,-0.44
I26M,26,1,1,0.104799137280393,0.660081807349343,0.729614020243775,helix,1,0,185,200.1,15.1,0.596307385229541,0,17.58,0.748352306770521,1,0.45
V28D,28,1,4,0.864260561324146,1.10850747581571,0.763675553711948,helix,1,-1,153.7,144.1,-9.59999999999999,0.473053892215569,3,13.51,0.504493708807669,1,-0.77
L29A,29,1,1,0.146343741808916,0.663616868201643,0.729882536526405,helix,1,0,183.1,110.2,-72.9,0.157185628742515,0,17.27,0.729778310365488,0,0.36
L29D,29,1,4,0.146343741808916,2.27223712718114,0.85207017350134,helix,1,-1,183.1,144.1,-39,0.326347305389222,3,17.27,0.729778310365488,0,-0.75
L29E,29,1,4,0.146343741808916,2.29694203613326,0.85394670988691,helix,1,-1,183.1,174.7,-8.40000000000001,0.479041916167665,3,17.27,0.729778310365488,2,-0.46
L29G,29,1,1,0.146343741808916,1.0812936029397,0.761608441352088,helix,1,0,183.1,78.7,-104.4,0,0,17.27,0.729778310365488,0,-0.12
L29H,29,1,2,0.146343741808916,1.3083112440072,0.778852255707168,helix,1,0,183.1,181.9,-1.19999999999999,0.51497005988024,1,17.27,0.729778310365488,3,0.38
L29K,29,1,4,0.146343741808916,2.59864413776086,0.876863409252386,helix,1,1,183.1,205.7,22.6,0.63373253493014,3,17.27,0.729778310365488,1,-0.44
L29Q,29,1,3,0.146343741808916,1.57980078179389,0.799474068033849,helix,1,0,183.1,178.6,-4.5,0.498502994011976,2,17.27,0.729778310365488,0,-0.53
L29R,29,1,4,0.146343741808916,1.83991799631622,0.819232061010481,helix,1,1,183.1,229,45.9,0.75,3,17.27,0.729778310365488,3,1.54
L29S,29,1,3,0.146343741808916,0.637056920444593,0.727865095034856,helix,1,0,183.1,117.2,-65.9,0.192115768463074,2,17.27,0.729778310365488,0,-0.32
L29T,29,1,3,0.146343741808916,0.746100474498235,0.736147829336372,helix,1,0,183.1,138.7,-44.4,0.29940119760479,2,17.27,0.729778310365488,1,-0.4
L29V,29,1,1,0.146343741808916,0.809636075631715,0.740973868871151,helix,1,0,183.1,153.7,-29.4,0.374251497005988,0,17.27,0.729778310365488,2,-0.12
G30D,30,1,4,0.515264126261871,4.21975752862636,1,turn,3,-1,78.7,144.1,65.4,0.847305389221557,3,16.88,0.706411024565608,0,-1.14
G30E,30,1,4,0.515264126261871,0.858458030968905,0.744682288755737,turn,3,-1,78.7,174.7,96,1,3,16.88,0.706411024565608,1,-1
G30N,30,1,3,0.515264126261871,2.51521395251621,0.870526216163762,turn,3,0,78.7,146.4,67.7,0.858782435129741,2,16.88,0.706411024565608,0,-0.69
E32G,32,4,1,0.322291691987434,0.617238607257605,0.726359734870684,turn,3,0,174.7,78.7,-96,0.0419161676646707,-3,14.55,0.566806470940683,3,1.22
C35A,35,1,1,0.10595517218749,0.0862536246131639,0.68602715797049,turn,3,0,140.4,110.2,-30.2,0.370259481037924,0,9.27,0.250449370880767,4,0.94
C35E,35,1,4,0.10595517218749,0.161275785852922,0.691725694061571,turn,3,-1,140.4,174.7,34.3,0.692115768463074,3,9.27,0.250449370880767,1,-2.02
C35K,35,1,4,0.10595517218749,0.594486255227821,0.724631510875853,turn,3,1,140.4,205.7,65.3,0.846806387225549,3,9.27,0.250449370880767,1,-0.89
C35T,35,1,3,0.10595517218749,0.994454921310535,0.755012345569348,turn,3,0,140.4,138.7,-1.70000000000002,0.5124750499002,2,9.27,0.250449370880767,0,-0.64
S37G,37,3,1,0.374272992455476,-1.4353494947427,0.570449172097224,sheet,2,0,117.2,78.7,-38.5,0.328842315369261,-2,9.2,0.246255242660276,0,-0.21
S37T,37,3,3,0.374272992455476,0.679072317667306,0.731056502127083,sheet,2,0,117.2,138.7,21.5,0.628243512974052,0,9.2,0.246255242660276,0,-0.78
E40A,40,4,1,0.660372544918718,-4.32726760208607,0.350784749814318,helix,1,0,174.7,110.2,-64.5,0.199101796407186,-3,14.41,0.5584182144997,1,1
K43R,43,4,4,0.116129117875887,0.416925335826818,0.711144332009618,helix,1,1,205.7,229,23.3,0.637225548902196,0,18.36,0.795086878370281,0,-0.23
K43T,43,4,3,0.116129117875887,1.79188282316318,0.815583403556064,helix,1,0,205.7,138.7,-67,0.186626746506986,-1,18.36,0.795086878370281,2,1.95
K43V,43,4,1,0.116129117875887,0.147743132838514,0.690697780304672,helix,1,0,205.7,153.7,-52,0.261477045908184,-3,18.36,0.795086878370281,1,0.05
V44Q,44,1,3,0.220911413538281,-6.24137027887628,0.205393268077811,helix,1,0,153.7,178.6,24.9,0.645209580838323,2,16.25,0.668663870581186,0,-1.45
M45Q,45,1,3,0.325061299190417,-7.30415944266133,0.124665889567829,helix,1,0,200.1,178.6,-21.5,0.413672654690619,2,17.3,0.731575793888556,0,-0.99
M47A,47,1,1,0.111397241266513,0.668190806114581,0.730229963871133,helix,1,0,200.1,110.2,-89.9,0.0723552894211577,0,21.78,1,0,0.2
M47S,47,1,3,0.111397241266513,2.0244127617334,0.833245921208209,helix,1,0,200.1,117.2,-82.9,0.107285429141717,2,21.78,1,0,-0.29
L48Q,48,1,3,0.226970832619467,-6.56429645419121,0.180864429740218,helix,1,0,183.1,178.6,-4.5,0.498502994011976,2,20.13,0.901138406231276,0,-0.65
Q50R,50,3,4,0.0571693516788152,-4.43251288856845,0.3427905244611,turn,3,1,178.6,229,50.4,0.772455089820359,1,20.65,0.932294787297783,0,-1.2
P54A,54,1,1,0.162469590256972,0.0011577144032344,0.679563439683504,turn,3,0,141.9,110.2,-31.7,0.362774451097804,0,18.92,0.828639904134212,0,-0.79
P54D,54,1,4,0.162469590256972,2.02429150487296,0.83323671077513,turn,3,-1,141.9,144.1,2.19999999999999,0.531936127744511,3,18.92,0.828639904134212,3,0.77
P54E,54,1,4,0.162469590256972,2.16746203857474,0.844111663455733,turn,3,-1,141.9,174.7,32.8,0.684630738522954,3,18.92,0.828639904134212,3,0.34
P54K,54,1,4,0.162469590256972,0.764828469837084,0.737570371097212,turn,3,1,141.9,205.7,63.8,0.839321357285429,3,18.92,0.828639904134212,0,-1.9
L57Q,57,1,3,0.286099789456932,-7.2249134669546,0.130685258314012,helix,1,0,183.1,178.6,-4.5,0.498502994011976,2,12.81,0.462552426602756,3,0.68
E59D,59,4,4,0.132408655637322,0.0697872081073001,0.684776401298078,helix,1,-1,174.7,144.1,-30.6,0.368263473053892,0,12.13,0.421809466746555,3,-0.16
I61Q,61,1,3,0.372709840846033,-6.98032815579791,0.149263478401813,helix,1,0,185,178.6,-6.40000000000001,0.489021956087824,2,7.62,0.151587777112043,0,-0.14
D62A,62,4,1,0.160722298328771,0.120976787060499,0.688664661224632,helix,1,0,144.1,110.2,-33.9,0.351796407185629,-3,7.42,0.139604553624925,2,0.25
D62K,62,4,4,0.160722298328771,0.626643505180255,0.727074112454048,helix,1,1,144.1,205.7,61.6,0.828343313373254,0,7.42,0.139604553624925,0,-0.04
D62N,62,4,3,0.160722298328771,0.886831182288006,0.746837457630343,helix,1,0,144.1,146.4,2.30000000000001,0.532435129740519,-1,7.42,0.139604553624925,2,0.18
D62R,62,4,4,0.160722298328771,0.252637183992192,0.698665326511834,helix,1,1,144.1,229,84.9,0.944610778443114,0,7.42,0.139604553624925,3,0.31
E66A,66,4,1,0.12055780838823,0.420123030198738,0.711387222596686,turn,3,0,174.7,110.2,-64.5,0.199101796407186,-3,6.2,0.0665068903535051,2,0.51
E66L,66,4,1,0.12055780838823,0.0793068890925496,0.685499497577545,turn,3,0,174.7,183.1,8.40000000000001,0.562874251497006,-3,6.2,0.0665068903535051,4,2.81
E66T,66,4,3,0.12055780838823,0.541563955368474,0.720611636870788,turn,3,0,174.7,138.7,-36,0.341317365269461,-1,6.2,0.0665068903535051,0,0.21
E66V,66,4,1,0.12055780838823,0.367747081036214,0.707408848318005,turn,3,0,174.7,153.7,-21,0.416167664670659,-3,6.2,0.0665068903535051,4,2.88
D67A,67,4,1,0.507682984384719,-5.77186729820096,0.241055792804311,turn,3,0,144.1,110.2,-33.9,0.351796407185629,-3,5.3,0.0125823846614739,1,0.99
V72I,72,1,1,0.599883057020281,1.45956217171624,0.790340979253867,sheet,2,0,153.7,185,31.3,0.677145708582834,0,5.09,0,0,-0.7
V72L,72,1,1,0.599883057020281,0.0854994452092796,0.685969871983508,sheet,2,0,153.7,183.1,29.4,0.667664670658683,0,5.09,0,0,-0.56
D73A,73,4,1,0.366112784992344,-6.53924936451949,0.182766957501511,sheet,2,0,144.1,110.2,-33.9,0.351796407185629,-3,6.36,0.0760934691431995,1,1.17
D73E,73,4,4,0.366112784992344,0.128410146804526,0.689229284638292,sheet,2,-1,144.1,174.7,30.6,0.673652694610778,0,6.36,0.0760934691431995,0,-0.24
D73N,73,4,3,0.366112784992344,-1.75474517699331,0.546188503082054,sheet,2,0,144.1,146.4,2.30000000000001,0.532435129740519,-1,6.36,0.0760934691431995,0,0.6
D75E,75,4,4,0.220245242630756,0.3515745945042,0.70618041798939,helix,1,-1,144.1,174.7,30.6,0.673652694610778,0,8.29,0.191731575793888,1,-0.82
D75Y,75,4,1,0.220245242630756,-4.95426263689296,0.303159437830075,helix,1,0,144.1,213.7,69.6,0.868263473053892,-3,8.29,0.191731575793888,2,1.29
V79A,79,1,1,0.123106149318433,0.297680521267466,0.702086729986276,helix,1,0,153.7,110.2,-43.5,0.303892215568862,0,10.96,0.351707609346914,4,-0.05
V79K,79,1,4,0.123106149318433,0.843052240321413,0.743512095141402,helix,1,1,153.7,205.7,52,0.780439121756487,3,10.96,0.351707609346914,1,0.31
V79L,79,1,1,0.123106149318433,1.24707468925044,0.774200847221885,helix,1,0,153.7,183.1,29.4,0.667664670658683,0,10.96,0.351707609346914,1,-0.55
V79N,79,1,3,0.123106149318433,0.0147152573335915,0.680593244029557,helix,1,0,153.7,146.4,-7.29999999999998,0.484530938123753,2,10.96,0.351707609346914,1,0.26
V79Q,79,1,3,0.123106149318433,0.127773935906589,0.689180959307436,helix,1,0,153.7,178.6,24.9,0.645209580838323,2,10.96,0.351707609346914,0,-0.82
V79S,79,1,3,0.123106149318433,0.348365088342689,0.705936630201972,helix,1,0,153.7,117.2,-36.5,0.338822355289421,2,10.96,0.351707609346914,3,0.62
V79T,79,1,3,0.123106149318433,1.42963221110404,0.788067558201543,helix,1,0,153.7,138.7,-15,0.446107784431138,2,10.96,0.351707609346914,0,-1.2
M81Q,81,1,3,0.293263112647963,-8.94540630304255,0,helix,1,0,200.1,178.6,-21.5,0.413672654690619,2,14.08,0.538645895745956,2,-0.21
